City_ID,City,Country,Date,Lat,Lng,Max Temp,Humidity,Cloudiness,Wind Speed
0,Manono,CD,2020-06-23 00:56:39,-7.3,27.42,69.96,41,34,4.12
1,Mar Del Plata,AR,2020-06-23 00:56:40,-38.0,-57.56,51.01,93,100,9.37
2,Ushuaia,AR,2020-06-23 00:56:40,-54.8,-68.3,33.8,86,20,3.36
3,Maryville,US,2020-06-23 00:56:40,35.76,-83.97,79.0,65,75,8.05
4,Yaan,NG,2020-06-23 00:56:42,7.38,8.57,71.4,98,100,3.44
5,Rikitea,PF,2020-06-23 00:51:46,-23.12,-134.97,69.51,58,54,16.06
6,Pacific Grove,US,2020-06-23 00:52:10,36.62,-121.92,69.01,72,1,13.87
7,Nanortalik,GL,2020-06-23 00:56:42,60.14,-45.24,43.39,77,0,9.64
8,East London,ZA,2020-06-23 00:56:43,-33.02,27.91,63.09,35,0,5.68
9,Angoche,MZ,2020-06-23 00:56:43,-16.23,39.91,72.36,87,70,10.56
10,Bredasdorp,ZA,2020-06-23 00:51:44,-34.53,20.04,44.6,100,22,4.29
11,Longyearbyen,SJ,2020-06-23 00:56:06,78.22,15.64,42.8,75,44,5.82
12,Mahebourg,MU,2020-06-23 00:55:04,-20.41,57.7,71.6,78,40,3.36
13,Hermanus,ZA,2020-06-23 00:56:44,-34.42,19.23,55.0,85,30,5.99
14,Ko Samui,TH,2020-06-23 00:56:44,9.54,99.94,82.4,83,20,8.57
15,Upernavik,GL,2020-06-23 00:56:44,72.79,-56.15,39.54,73,86,8.97
16,Newport,GB,2020-06-23 00:56:37,51.59,-3.0,57.0,83,2,9.19
17,Tasiilaq,GL,2020-06-23 00:51:50,65.61,-37.64,50.0,76,0,8.05
18,Bethel,US,2020-06-23 00:56:45,41.37,-73.41,80.6,61,1,11.41
19,Sri Aman,MY,2020-06-23 00:56:45,1.24,111.46,77.0,94,20,2.24
20,Erzin,TR,2020-06-23 00:56:45,36.96,36.2,72.0,89,60,2.44
21,Muroto,JP,2020-06-23 00:56:45,33.28,134.15,78.8,65,20,6.93
22,Ulaangom,MN,2020-06-23 00:56:46,49.98,92.07,56.86,45,0,1.32
23,Butaritari,KI,2020-06-23 00:56:06,3.07,172.79,83.03,75,91,16.02
24,Cape Town,ZA,2020-06-23 00:55:00,-33.93,18.42,54.0,100,75,6.93
25,Sitka,US,2020-06-23 00:56:46,57.05,-135.33,53.6,76,90,5.82
26,Mataura,NZ,2020-06-23 00:56:47,-46.19,168.86,49.96,62,67,1.28
27,Port Alfred,ZA,2020-06-23 00:54:04,-33.59,26.89,57.99,57,0,1.99
28,Kodiak,US,2020-06-23 00:56:47,57.79,-152.41,53.6,76,90,11.41
29,Nyurba,RU,2020-06-23 00:56:47,63.28,118.33,72.16,44,78,9.1
30,Yeppoon,AU,2020-06-23 00:56:21,-23.13,150.73,68.0,41,0,8.05
31,Sinnamary,GF,2020-06-23 00:56:48,5.38,-52.95,77.9,88,100,8.43
32,Ribeira Grande,PT,2020-06-23 00:56:31,38.52,-28.7,67.14,92,78,15.01
33,Tuatapere,NZ,2020-06-23 00:56:48,-46.13,167.68,51.44,70,100,2.17
34,Colmenar Viejo,ES,2020-06-23 00:53:33,40.66,-3.77,77.0,46,0,1.99
35,Necochea,AR,2020-06-23 00:56:49,-38.55,-58.74,48.99,92,100,4.0
36,Vestmannaeyjar,IS,2020-06-23 00:56:50,63.44,-20.27,49.06,82,28,13.53
37,Vaini,TO,2020-06-23 00:56:50,-21.2,-175.2,78.8,83,40,10.29
38,Atuona,PF,2020-06-23 00:56:50,-9.8,-139.03,79.74,78,19,14.07
39,Bluff,NZ,2020-06-23 00:56:50,-46.6,168.33,46.36,78,100,4.43
40,Albany,US,2020-06-23 00:56:14,42.6,-73.97,86.0,52,15,3.58
41,Ilulissat,GL,2020-06-23 00:56:50,69.22,-51.1,46.4,70,59,3.36
42,Barrow,US,2020-06-23 00:56:51,71.29,-156.79,35.6,80,90,14.99
43,Hobart,AU,2020-06-23 00:55:33,-42.88,147.33,55.0,93,75,18.34
44,Ngaoundere,CM,2020-06-23 00:56:51,7.32,13.58,66.2,100,40,3.62
45,Geraldton,AU,2020-06-23 00:56:52,-28.77,114.6,64.4,68,40,11.41
46,Korla,CN,2020-06-23 00:52:42,41.76,86.15,71.01,85,58,12.93
47,Athabasca,CA,2020-06-23 00:56:52,54.72,-113.29,68.09,76,57,8.28
48,Novikovo,RU,2020-06-23 00:56:52,51.15,37.89,61.63,93,75,9.75
49,Codrington,AU,2020-06-23 00:56:52,-38.27,141.97,59.13,82,37,12.53
50,Moose Factory,CA,2020-06-23 00:56:53,51.26,-80.61,59.0,87,90,4.7
51,Half Moon Bay,US,2020-06-23 00:56:18,37.46,-122.43,80.01,50,5,9.17
52,Sabang,ID,2020-06-23 00:56:53,5.89,95.32,80.82,80,100,23.89
53,Hofn,IS,2020-06-23 00:56:53,64.25,-15.21,46.98,81,100,0.98
54,Aksu,CN,2020-06-23 00:56:54,41.12,80.26,80.01,19,77,5.93
55,San Quintin,MX,2020-06-23 00:56:54,30.48,-115.95,67.8,75,4,16.11
56,Ambunti,PG,2020-06-23 00:56:54,-4.24,142.84,86.5,69,12,2.04
57,Berdigestyakh,RU,2020-06-23 00:56:54,62.1,126.7,69.75,36,100,8.34
58,Carnarvon,AU,2020-06-23 00:56:13,-24.87,113.63,66.2,82,90,8.05
59,Kralendijk,BQ,2020-06-23 00:56:55,12.15,-68.27,84.2,79,0,19.46
60,Bouca,CF,2020-06-23 00:56:55,6.51,18.27,69.33,92,100,2.44
61,Marawi,PH,2020-06-23 00:56:55,8.0,124.29,84.99,70,47,1.01
62,Katsuura,JP,2020-06-23 00:56:55,35.13,140.3,75.99,88,75,3.36
63,Ramgarh,IN,2020-06-23 00:56:56,23.63,85.52,75.2,94,75,2.24
64,Orsha,BY,2020-06-23 00:56:56,54.52,30.41,57.92,97,59,7.25
65,Havre-Saint-Pierre,CA,2020-06-23 00:56:57,50.23,-63.6,57.2,87,1,2.24
66,Labuan,MY,2020-06-23 00:56:57,5.28,115.24,80.6,94,75,7.45
67,Hambantota,LK,2020-06-23 00:56:57,6.12,81.12,82.4,83,40,11.41
68,Busselton,AU,2020-06-23 00:56:57,-33.65,115.33,61.0,67,21,20.27
69,Nikolskoye,RU,2020-06-23 00:56:58,59.7,30.79,55.4,71,0,2.24
70,Samarai,PG,2020-06-23 00:56:58,-10.62,150.67,80.76,82,100,13.49
71,Nyagan,RU,2020-06-23 00:56:58,62.14,65.39,47.61,69,100,3.04
72,Thompson,CA,2020-06-23 00:56:59,55.74,-97.86,64.4,77,75,5.82
73,Adeje,ES,2020-06-23 00:56:59,28.12,-16.73,73.99,73,0,12.75
74,Fort Saint James,CA,2020-06-23 00:56:59,54.43,-124.25,54.91,89,100,2.71
75,Mount Gambier,AU,2020-06-23 00:56:59,-37.83,140.77,55.4,100,75,13.87
76,Nador,MA,2020-06-23 00:52:46,35.17,-2.93,71.6,83,24,4.7
77,Batabano,CU,2020-06-23 00:57:00,22.72,-82.29,82.4,69,40,6.93
78,Hualmay,PE,2020-06-23 00:57:00,-11.1,-77.61,61.93,83,84,8.23
79,Gat,IL,2020-06-23 00:57:00,31.61,34.76,71.01,82,0,3.15
80,Moerai,PF,2020-06-23 00:57:01,-22.43,-151.33,71.1,62,99,17.31
81,Broken Hill,AU,2020-06-23 00:57:01,-31.95,141.43,50.0,76,90,13.87
82,Ayan,RU,2020-06-23 00:57:01,56.45,138.17,46.29,87,37,11.16
83,Kerman,IR,2020-06-23 00:57:01,30.28,57.08,68.0,19,0,4.7
84,Kapaa,US,2020-06-23 00:57:01,22.08,-159.32,84.2,62,20,12.75
85,Diego De Almagro,CL,2020-06-23 00:57:02,-26.37,-70.05,47.77,83,12,0.96
86,Hasaki,JP,2020-06-23 00:57:02,35.73,140.83,71.6,88,75,8.05
87,Port Lincoln,AU,2020-06-23 00:57:02,-34.73,135.87,56.17,69,9,5.41
88,Chandler,US,2020-06-23 00:52:41,33.31,-111.84,109.0,6,5,11.63
89,Miandrivazo,MG,2020-06-23 00:57:02,-19.52,45.47,71.46,77,0,0.56
90,Jamestown,US,2020-06-23 00:54:36,42.1,-79.24,69.01,88,40,6.93
91,Punta Arenas,CL,2020-06-23 00:57:03,-53.15,-70.92,41.0,86,100,17.22
92,Pierre,US,2020-06-23 00:57:03,44.37,-100.35,75.2,44,20,6.93
93,Saskylakh,RU,2020-06-23 00:57:03,71.92,114.08,82.2,32,36,6.29
94,Khatanga,RU,2020-06-23 00:57:04,71.97,102.5,81.28,29,96,12.15
95,Pevek,RU,2020-06-23 00:57:04,69.7,170.31,31.84,96,16,16.22
96,Arraial Do Cabo,BR,2020-06-23 00:57:04,-22.97,-42.03,64.4,100,0,2.24
97,Kiunga,PG,2020-06-23 00:57:04,-6.12,141.29,79.68,86,79,3.83
98,Murgab,TM,2020-06-23 00:57:04,37.5,61.97,82.4,34,40,6.93
99,Clyde River,CA,2020-06-23 00:57:05,70.47,-68.59,41.0,93,90,10.29
100,Rio Brilhante,BR,2020-06-23 00:57:05,-21.8,-54.55,68.97,62,98,5.73
101,Enshi,CN,2020-06-23 00:57:05,30.3,109.48,71.89,87,100,0.27
102,Chifeng,CN,2020-06-23 00:57:05,42.27,118.96,79.07,43,100,7.94
103,Kaitangata,NZ,2020-06-23 00:57:06,-46.28,169.85,44.01,71,7,4.0
104,Walvis Bay,NA,2020-06-23 00:57:06,-22.96,14.51,53.6,87,0,4.7
105,Batagay-Alyta,RU,2020-06-23 00:57:06,67.8,130.41,77.0,42,14,5.1
106,Dikson,RU,2020-06-23 00:56:18,73.51,80.55,46.44,82,75,13.35
107,Dudingen,CH,2020-06-23 00:57:06,46.85,7.19,60.8,82,16,2.24
108,Bam,IR,2020-06-23 00:57:07,29.11,58.36,87.64,12,0,18.03
109,Lorengau,PG,2020-06-23 00:57:07,-2.02,147.27,85.1,73,100,6.89
110,Port Elizabeth,ZA,2020-06-23 00:57:07,-33.92,25.57,50.0,81,0,4.7
111,Yen Bai,VN,2020-06-23 00:57:07,21.7,104.87,87.17,70,76,1.32
112,Garowe,SO,2020-06-23 00:57:07,8.41,48.48,81.79,51,4,21.23
113,Constitucion,CL,2020-06-23 00:57:08,-35.33,-72.42,51.17,86,19,3.91
114,Arys,KZ,2020-06-23 00:57:08,42.43,68.8,78.8,31,90,6.71
115,Koungou,YT,2020-06-23 00:57:08,-12.73,45.2,78.8,83,40,18.34
116,Tucumcari,US,2020-06-23 00:57:08,35.17,-103.72,93.2,21,1,20.8
117,Marsabit,KE,2020-06-23 00:57:08,2.33,37.99,63.81,87,71,14.9
118,Zaragoza,ES,2020-06-23 00:57:09,41.66,-0.88,69.8,60,0,11.41
119,Najran,SA,2020-06-23 00:56:52,17.49,44.13,80.6,22,99,1.66
120,Cherskiy,RU,2020-06-23 00:56:17,68.75,161.3,53.74,42,16,17.54
121,Iskilip,TR,2020-06-23 00:57:09,40.74,34.47,62.4,73,93,4.61
122,Cabo San Lucas,MX,2020-06-23 00:57:10,22.89,-109.91,82.4,61,5,6.93
123,Skjervoy,NO,2020-06-23 00:57:10,70.03,20.97,48.69,76,0,3.65
124,Basco,PH,2020-06-23 00:56:38,20.45,121.97,85.21,77,100,13.69
125,Vila,PT,2020-06-23 00:57:10,42.03,-8.16,69.01,80,0,4.09
126,Awbari,LY,2020-06-23 00:57:10,26.59,12.78,72.95,22,0,2.21
127,Yumaguzino,RU,2020-06-23 00:57:11,52.9,56.39,44.96,87,0,2.15
128,Port Hedland,AU,2020-06-23 00:57:11,-20.32,118.57,73.4,35,0,6.93
129,Qaanaaq,GL,2020-06-23 00:57:11,77.48,-69.36,37.71,88,100,3.83
130,Zakamensk,RU,2020-06-23 00:57:12,50.37,103.29,57.78,74,90,3.24
131,Bataipora,BR,2020-06-23 00:57:12,-22.3,-53.27,66.94,67,26,6.51
132,Sardinia,GR,2020-06-23 00:57:12,38.88,21.2,64.4,93,20,1.48
133,Taltal,CL,2020-06-23 00:57:12,-25.4,-70.48,55.83,79,7,2.51
134,Lerwick,GB,2020-06-23 00:57:13,60.15,-1.15,55.4,87,100,26.4
135,Karasjok,NO,2020-06-23 00:57:13,69.47,25.51,44.6,81,0,8.05
136,Saint Anthony,US,2020-06-23 00:57:13,45.02,-93.22,73.4,43,90,9.17
137,Richards Bay,ZA,2020-06-23 00:57:14,-28.78,32.04,60.24,84,0,7.23
138,Bridlington,GB,2020-06-23 00:57:14,54.08,-0.19,62.6,72,0,8.05
139,Rabo De Peixe,PT,2020-06-23 00:57:14,37.8,-25.58,66.2,93,20,9.17
140,Veinticinco De Mayo,AR,2020-06-23 00:57:14,-35.43,-60.17,53.01,93,90,7.0
141,Kahului,US,2020-06-23 00:57:14,20.89,-156.47,93.2,34,40,21.92
142,Aklavik,CA,2020-06-23 00:57:15,68.22,-135.01,68.0,45,90,9.17
143,Egvekinot,RU,2020-06-23 00:57:15,66.32,-179.17,48.0,52,100,6.96
144,Anadyr,RU,2020-06-23 00:57:15,64.75,177.48,48.2,93,75,4.47
145,Puerto Escondido,MX,2020-06-23 00:53:55,15.85,-97.07,87.8,70,40,3.24
146,Ust-Nera,RU,2020-06-23 00:57:16,64.57,143.2,81.82,24,64,12.5
147,Bubaque,GW,2020-06-23 00:57:16,11.28,-15.83,81.7,83,0,13.8
148,Mareeba,AU,2020-06-23 00:57:16,-17.0,145.43,77.0,61,0,11.41
149,Sao Joao Da Barra,BR,2020-06-23 00:57:16,-21.64,-41.05,70.07,78,0,8.32
150,Bjerkvik,NO,2020-06-23 00:57:16,68.56,17.52,59.0,82,28,27.51
151,Sarakhs,IR,2020-06-23 00:57:17,36.54,61.16,78.8,39,5,2.24
152,Bandarbeyla,SO,2020-06-23 00:56:46,9.49,50.81,81.27,65,2,23.69
153,Troy,US,2020-06-23 00:57:18,42.61,-83.15,80.6,57,1,4.7
154,Grand Gaube,MU,2020-06-23 00:56:35,-20.01,57.66,68.0,84,4,5.01
155,Fairbanks,US,2020-06-23 00:57:18,64.84,-147.72,53.01,100,90,12.75
156,Cartagena,CO,2020-06-23 00:55:02,10.4,-75.51,82.62,81,5,12.62
157,Yellowknife,CA,2020-06-23 00:56:15,62.46,-114.35,73.0,28,40,16.11
158,Rio Grande,BR,2020-06-23 00:53:26,-32.03,-52.1,61.0,96,98,5.99
159,Tautira,PF,2020-06-23 00:57:19,-17.73,-149.15,82.4,58,40,6.93
160,Omboue,GA,2020-06-23 00:57:19,-1.57,9.26,71.2,91,97,6.15
161,Vardo,NO,2020-06-23 00:56:10,70.37,31.11,39.52,80,100,11.56
162,Sechura,PE,2020-06-23 00:57:19,-5.56,-80.82,67.05,76,0,14.56
163,Salinas,US,2020-06-23 00:55:28,36.68,-121.66,69.01,68,75,16.11
164,Aswan,EG,2020-06-23 00:57:20,24.09,32.91,87.15,13,0,9.01
165,Pelym,RU,2020-06-23 00:57:20,61.01,62.0,48.13,68,66,4.9
166,Tilichiki,RU,2020-06-23 00:57:20,60.47,166.1,70.09,54,1,3.8
167,Pangnirtung,CA,2020-06-23 00:57:21,66.15,-65.71,48.09,58,92,3.06
168,Ostrovnoy,RU,2020-06-23 00:57:21,68.05,39.51,39.54,79,100,18.32
169,Coihaique,CL,2020-06-23 00:57:21,-45.58,-72.07,37.4,86,90,3.36
170,Alofi,NU,2020-06-23 00:57:22,-19.06,-169.92,84.2,66,75,5.82
171,Vila Velha,BR,2020-06-23 00:56:32,-20.33,-40.29,66.99,93,0,2.24
172,Bathsheba,BB,2020-06-23 00:57:22,13.22,-59.52,82.4,74,20,20.8
173,Iqaluit,CA,2020-06-23 00:56:30,63.75,-68.51,51.8,57,20,13.87
174,Puerto Ayora,EC,2020-06-23 00:55:40,-0.74,-90.35,70.0,93,40,1.99
175,Vostok,RU,2020-06-23 00:57:23,46.49,135.88,65.44,71,100,3.2
176,Paamiut,GL,2020-06-23 00:57:23,61.99,-49.67,39.6,87,0,15.3
177,Victoria,HK,2020-06-23 00:55:24,22.29,114.16,89.01,70,100,11.01
178,Usinsk,RU,2020-06-23 00:57:23,65.99,57.53,43.0,89,100,8.97
179,Hilo,US,2020-06-23 00:55:11,19.73,-155.09,84.2,54,40,10.29
180,Jales,BR,2020-06-23 00:57:24,-20.27,-50.55,65.89,52,0,6.4
181,Nalut,LY,2020-06-23 00:57:24,30.33,10.85,69.21,44,0,11.05
182,Adrar,MR,2020-06-23 00:57:24,20.5,-10.07,98.51,9,52,8.93
183,Horsham,GB,2020-06-23 00:57:25,51.06,-0.33,55.99,93,0,3.36
184,Dunedin,NZ,2020-06-23 00:57:25,-45.87,170.5,45.0,78,0,8.99
185,San Luis,AR,2020-06-23 00:56:49,-33.3,-66.34,52.38,63,1,7.14
186,Yerbogachen,RU,2020-06-23 00:57:25,61.28,108.01,69.33,59,96,6.29
187,Guerrero Negro,MX,2020-06-23 00:56:26,27.98,-114.06,67.75,75,93,19.06
188,College,US,2020-06-23 00:56:41,64.86,-147.8,53.6,87,90,5.82
189,Provideniya,RU,2020-06-23 00:56:25,64.38,-173.3,51.8,76,90,6.71
190,Tiksi,RU,2020-06-23 00:57:26,71.69,128.87,50.83,63,0,3.94
191,Ramnagar,IN,2020-06-23 00:57:26,29.4,79.12,83.46,55,31,3.24
192,Acapulco,MX,2020-06-23 00:57:26,16.86,-99.89,86.0,74,75,6.93
193,Kutum,SD,2020-06-23 00:57:27,14.2,24.67,75.85,17,0,6.78
194,Santa Marta,CO,2020-06-23 00:52:34,11.24,-74.2,84.0,84,100,13.44
195,Ust-Barguzin,RU,2020-06-23 00:57:27,53.45,108.98,62.13,64,42,0.38
196,Cidreira,BR,2020-06-23 00:57:27,-30.18,-50.21,63.91,92,9,14.7
197,Leningradskiy,RU,2020-06-23 00:57:28,69.38,178.42,34.47,87,100,16.4
198,Quatre Cocos,MU,2020-06-23 00:57:28,-20.21,57.76,71.6,78,40,3.36
199,Portland,US,2020-06-23 00:55:01,45.52,-122.68,87.01,32,1,11.41
200,Wajir,KE,2020-06-23 00:57:28,1.75,40.06,76.12,73,100,15.14
201,Sambava,MG,2020-06-23 00:57:28,-14.27,50.17,70.39,78,28,9.44
202,Rocha,UY,2020-06-23 00:53:26,-34.48,-54.33,57.31,97,100,8.3
203,Kruisfontein,ZA,2020-06-23 00:57:29,-34.0,24.73,51.96,58,0,5.37
204,Chokurdakh,RU,2020-06-23 00:57:29,70.63,147.92,66.61,29,37,11.48
205,Waterloo,CA,2020-06-23 00:57:29,43.47,-80.52,75.99,88,90,4.7
206,Aykhal,RU,2020-06-23 00:57:30,66.0,111.5,71.6,53,0,6.71
207,Matiguas,NI,2020-06-23 00:57:30,12.84,-85.46,74.91,92,87,8.81
208,La Joya,MX,2020-06-23 00:57:30,18.67,-99.47,81.0,57,75,4.7
209,Puri,IN,2020-06-23 00:57:30,19.8,85.85,84.2,89,75,5.82
210,Taoudenni,ML,2020-06-23 00:55:32,22.68,-3.98,97.7,9,3,17.09
211,Georgetown,MY,2020-06-23 00:52:53,5.41,100.34,80.6,94,20,2.24
212,Muros,ES,2020-06-23 00:57:31,42.78,-9.06,68.0,76,0,5.01
213,Osmena,PH,2020-06-23 00:57:32,10.52,119.93,85.46,67,100,4.43
214,Faanui,PF,2020-06-23 00:56:05,-16.48,-151.75,77.2,76,25,19.98
215,Souillac,MU,2020-06-23 00:57:32,-20.52,57.52,71.6,78,40,3.36
216,Yulara,AU,2020-06-23 00:57:32,-25.24,130.99,50.0,57,0,10.29
217,Kerema,PG,2020-06-23 00:57:32,-7.96,145.78,80.82,81,100,5.23
218,Oranjestad,AW,2020-06-23 00:57:33,12.52,-70.03,84.2,83,75,20.8
219,Ust-Tsilma,RU,2020-06-23 00:57:33,65.44,52.15,40.62,80,82,7.09
220,Skegness,GB,2020-06-23 00:57:33,53.14,0.34,61.0,77,0,6.93
221,New Norfolk,AU,2020-06-23 00:57:34,-42.78,147.06,55.0,92,100,1.99
222,Kodinsk,RU,2020-06-23 00:57:34,58.69,99.18,75.7,52,1,3.76
223,Graham,US,2020-06-23 00:57:34,47.05,-122.29,80.01,36,1,3.36
224,Lakes Entrance,AU,2020-06-23 00:57:34,-37.88,147.98,51.01,93,95,1.01
225,Marsh Harbour,BS,2020-06-23 00:56:16,26.54,-77.06,82.15,80,100,6.53
226,Baykit,RU,2020-06-23 00:57:35,61.67,96.37,70.25,57,89,1.59
227,Naze,JP,2020-06-23 00:57:35,28.37,129.48,80.6,88,75,18.34
228,Nemuro,JP,2020-06-23 00:57:35,43.32,145.57,59.0,87,75,4.7
229,Trincomalee,LK,2020-06-23 00:57:35,8.57,81.23,81.82,78,35,13.53
230,Arbazh,RU,2020-06-23 00:57:36,57.68,48.31,46.26,88,0,6.58
231,Wakkanai,JP,2020-06-23 00:57:36,45.41,141.67,59.0,87,75,11.41
232,Tuktoyaktuk,CA,2020-06-23 00:56:21,69.45,-133.04,62.6,55,75,9.17
233,Bowen,AU,2020-06-23 00:57:36,-20.02,148.23,75.0,73,0,5.82
234,Poniatowa,PL,2020-06-23 00:57:37,51.18,22.13,64.4,100,90,9.17
235,Komsomolskiy,UZ,2020-06-23 00:57:37,40.43,71.72,80.6,30,75,13.87
236,Kosh-Agach,RU,2020-06-23 00:57:37,50.0,88.67,47.44,54,0,2.71
237,Puerto Del Rosario,ES,2020-06-23 00:57:37,28.5,-13.86,73.4,69,90,10.29
238,Agadez,NE,2020-06-23 00:57:38,19.75,10.25,84.54,13,0,6.55
239,Akyab,MM,2020-06-23 00:57:38,20.15,92.9,83.98,82,12,10.13
240,Pangody,RU,2020-06-23 00:57:38,65.85,74.49,45.99,70,59,6.76
241,Kieta,PG,2020-06-23 00:57:39,-6.22,155.63,86.02,65,15,4.76
242,Rundu,NA,2020-06-23 00:57:40,-17.93,19.77,51.8,52,0,3.36
243,Juneau,US,2020-06-23 00:57:41,58.3,-134.42,57.2,67,90,11.41
244,Kilindoni,TZ,2020-06-23 00:57:41,-7.91,39.67,78.87,78,81,22.15
245,Lebu,CL,2020-06-23 00:57:41,-37.62,-73.65,48.76,79,0,5.7
246,Westport,US,2020-06-23 00:57:42,41.14,-73.36,78.01,69,1,6.93
247,Pisco,PE,2020-06-23 00:57:42,-13.7,-76.22,63.0,82,20,4.7
248,Atlantic City,US,2020-06-23 00:54:08,39.36,-74.42,78.8,61,1,13.87
249,San Vicente,AR,2020-06-23 00:57:42,-26.62,-54.13,63.54,84,0,4.25
250,Kloulklubed,PW,2020-06-23 00:57:43,7.04,134.26,84.2,79,75,9.17
251,Sao Francisco Do Sul,BR,2020-06-23 00:55:16,-26.24,-48.64,68.0,84,0,3.56
252,Mococa,BR,2020-06-23 00:53:05,-21.47,-47.0,57.2,93,100,3.89
253,Dalaba,GN,2020-06-23 00:57:43,10.7,-12.25,63.5,100,20,2.13
254,Praya,CV,2020-06-23 00:57:43,14.92,-23.51,78.8,65,0,11.41
255,Severo-Kurilsk,RU,2020-06-23 00:56:42,50.68,156.12,50.59,77,100,11.1
256,Lepe,ES,2020-06-23 00:57:44,37.25,-7.2,80.01,32,0,3.0
257,Dinhata,IN,2020-06-23 00:57:44,26.13,89.47,82.47,83,45,3.47
258,Winsum,NL,2020-06-23 00:57:44,53.33,6.52,54.0,100,3,4.61
259,Yar-Sale,RU,2020-06-23 00:57:45,66.83,70.83,42.82,71,80,3.29
260,Ancud,CL,2020-06-23 00:57:45,-41.87,-73.82,43.0,93,20,5.82
261,Avarua,CK,2020-06-23 00:57:45,-21.21,-159.78,77.0,73,34,14.99
262,Kemin,KG,2020-06-23 00:57:45,42.78,75.69,69.12,46,71,4.72
263,Sangueya,GN,2020-06-23 00:57:46,10.7,-14.37,78.24,90,100,3.33
264,Vao,NC,2020-06-23 00:57:46,-22.67,167.48,71.94,74,25,10.18
265,Yongan,CN,2020-06-23 00:57:46,39.7,113.69,71.4,56,100,2.77
266,Ponta Do Sol,PT,2020-06-23 00:57:46,32.67,-17.1,69.8,64,20,9.17
267,Lukoyanov,RU,2020-06-23 00:57:46,55.03,44.48,48.58,89,100,4.68
268,Roald,NO,2020-06-23 00:57:47,62.58,6.13,54.0,93,100,2.24
269,Luderitz,NA,2020-06-23 00:57:47,-26.65,15.16,50.0,93,0,1.12
270,Bambous Virieux,MU,2020-06-23 00:55:04,-20.34,57.76,71.6,78,40,3.36
271,Laguna,US,2020-06-23 00:57:48,38.42,-121.42,99.0,25,1,11.41
272,Ingham,US,2020-06-23 00:57:48,42.6,-84.38,80.6,69,40,5.82
273,Zhigansk,RU,2020-06-23 00:57:48,66.77,123.37,74.01,35,0,4.83
274,Namanyere,TZ,2020-06-23 00:57:48,-7.52,31.05,62.76,62,100,4.36
275,Irtyshskiy,RU,2020-06-23 00:57:48,58.33,68.13,48.63,79,33,3.2
276,Maracas,BR,2020-06-23 00:57:49,-13.44,-40.43,62.6,99,100,4.47
277,Chapais,CA,2020-06-23 00:57:49,49.78,-74.85,77.0,61,90,2.24
278,Oranjemund,NA,2020-06-23 00:57:49,-28.55,16.43,54.75,82,0,6.06
279,Miajadas,ES,2020-06-23 00:57:49,39.15,-5.91,81.0,32,0,4.0
280,Faya,SA,2020-06-23 00:57:50,18.39,42.45,71.6,17,35,9.17
281,Lagoa,PT,2020-06-23 00:57:50,39.05,-27.98,66.74,92,53,19.98
282,Tiznit,MA,2020-06-23 00:57:50,29.58,-9.5,67.84,78,30,2.84
283,Waterfoot,GB,2020-06-23 00:57:50,53.69,-2.25,62.01,83,15,5.01
284,Lazaro Cardenas,MX,2020-06-23 00:57:51,17.96,-102.2,83.55,75,99,6.08
285,Den Helder,NL,2020-06-23 00:57:51,52.96,4.76,55.99,81,0,4.7
286,Itoman,JP,2020-06-23 00:57:51,26.12,127.67,84.2,94,75,2.24
287,Naryan-Mar,RU,2020-06-23 00:57:51,67.67,53.09,41.02,69,100,6.46
288,Zeya,RU,2020-06-23 00:57:52,53.75,127.27,67.75,40,0,5.1
289,Wageningen,NL,2020-06-23 00:57:52,51.97,5.67,57.0,87,0,3.91
290,Kirakira,SB,2020-06-23 00:57:52,-10.45,161.92,84.7,69,10,4.25
291,Indianola,US,2020-06-23 00:57:52,41.36,-93.56,73.4,69,40,12.75
292,Ponta Delgada,PT,2020-06-23 00:57:52,37.73,-25.67,66.2,93,20,9.17
293,Sioux Lookout,CA,2020-06-23 00:57:53,50.1,-91.92,66.2,55,75,5.82
294,Mirnyy,RU,2020-06-23 00:57:53,62.54,113.96,71.6,56,0,6.71
295,Raglan,NZ,2020-06-23 00:57:53,-37.8,174.88,63.0,60,14,8.99
296,Port Hawkesbury,CA,2020-06-23 00:57:53,45.62,-61.35,60.01,100,90,5.82
297,Aitape,PG,2020-06-23 00:57:53,-3.14,142.35,86.4,62,0,5.03
298,Nantucket,US,2020-06-23 00:57:54,41.28,-70.1,66.0,93,90,4.92
299,Kiruna,SE,2020-06-23 00:57:54,67.86,20.23,53.6,66,61,2.86
300,Benidorm,ES,2020-06-23 00:55:23,38.54,-0.13,72.0,58,0,2.53
301,Madang,PG,2020-06-23 00:57:54,-5.22,145.8,83.34,75,43,3.65
302,Hervey Bay,AU,2020-06-23 00:56:27,-25.3,152.85,66.99,44,0,8.01
303,Karratha,AU,2020-06-23 00:57:55,-20.74,116.85,74.84,27,0,7.67
304,Roebourne,AU,2020-06-23 00:57:55,-20.78,117.13,75.18,27,0,7.31
305,Tottori,JP,2020-06-23 00:57:38,35.5,134.23,73.4,78,20,5.82
306,Myshkin,RU,2020-06-23 00:57:56,57.79,38.45,50.23,90,0,2.46
307,Saint George,US,2020-06-23 00:56:52,37.1,-113.58,102.99,9,1,12.75
308,Road Town,VG,2020-06-23 00:57:56,18.42,-64.62,84.0,81,13,20.0
309,Kenai,US,2020-06-23 00:57:56,60.55,-151.26,60.8,54,1,12.75
310,Yuzhnyy,RU,2020-06-23 00:57:56,53.25,83.69,59.0,62,6,6.71
311,Mingshui,CN,2020-06-23 00:57:57,36.72,117.5,79.0,63,100,1.99
312,Sur,OM,2020-06-23 00:57:57,22.57,59.53,85.05,69,100,1.9
313,Kompaniyivka,UA,2020-06-23 00:57:57,48.25,32.21,62.91,91,0,6.42
314,Longyan,CN,2020-06-23 00:57:57,25.11,117.02,86.83,59,98,4.99
315,Touros,BR,2020-06-23 00:57:57,-5.2,-35.46,75.2,83,5,4.7
316,Sept-Iles,CA,2020-06-23 00:53:00,50.2,-66.38,55.99,93,75,3.36
317,Hachinohe,JP,2020-06-23 00:57:58,40.5,141.5,62.6,100,90,9.17
318,Kristianstad,SE,2020-06-23 00:57:58,56.03,14.15,60.01,82,93,6.93
319,Zaysan,KZ,2020-06-23 00:57:58,47.47,84.87,64.36,29,0,1.36
320,Esperance,AU,2020-06-23 00:57:59,-33.87,121.9,55.4,58,5,14.99
321,Methoni,GR,2020-06-23 00:57:59,36.82,21.7,68.0,93,20,8.41
322,Waipawa,NZ,2020-06-23 00:57:59,-41.41,175.52,57.0,93,3,3.36
323,Beringovskiy,RU,2020-06-23 00:57:59,63.05,179.32,42.93,80,100,17.0
324,Cootamundra,AU,2020-06-23 00:58:00,-34.65,148.03,45.0,96,78,1.99
325,Shanting,CN,2020-06-23 00:58:00,35.08,117.46,70.21,93,100,7.0
326,Galle,LK,2020-06-23 00:55:49,6.04,80.22,81.43,83,72,13.4
327,Champasak,LA,2020-06-23 00:58:00,14.75,106.0,82.4,83,20,2.24
328,Pueblo,US,2020-06-23 00:58:01,38.25,-104.61,87.8,20,1,11.41
329,Torbay,CA,2020-06-23 00:54:56,47.67,-52.73,57.0,93,90,12.75
330,San Patricio,MX,2020-06-23 00:56:48,19.22,-104.7,87.8,70,75,9.17
331,Wrzesnia,PL,2020-06-23 00:58:01,52.33,17.57,59.0,82,0,5.01
332,Mahajanga,MG,2020-06-23 00:58:02,-15.72,46.32,69.8,73,0,4.7
333,Bunia,CD,2020-06-23 00:55:12,1.57,30.25,61.11,88,0,0.78
334,Dingle,PH,2020-06-23 00:56:16,11.0,122.67,85.73,69,11,4.43
335,Buraydah,SA,2020-06-23 00:58:02,26.33,43.98,78.8,34,0,3.36
336,Atar,MR,2020-06-23 00:58:03,20.52,-13.05,97.12,12,0,14.32
337,Margate,GB,2020-06-23 00:56:36,51.38,1.39,57.99,80,0,1.99
338,Saint-Augustin,CA,2020-06-23 00:58:03,51.23,-58.65,53.78,94,45,14.05
339,Husavik,IS,2020-06-23 00:58:03,66.04,-17.34,48.2,81,100,9.17
340,Borgarnes,IS,2020-06-23 00:58:04,64.54,-21.92,48.2,70,75,8.05
341,Lasa,IT,2020-06-23 00:58:04,46.62,10.7,57.0,81,5,5.82
342,Luganville,VU,2020-06-23 00:58:04,-15.53,167.17,81.55,81,100,10.85
343,Ust-Kuyga,RU,2020-06-23 00:58:04,70.02,135.6,80.17,39,4,4.29
344,Bengkulu,ID,2020-06-23 00:58:05,-3.8,102.27,76.41,91,100,5.66
345,Eyl,SO,2020-06-23 00:58:05,7.98,49.82,82.9,61,55,22.64
346,Rochefort,FR,2020-06-23 00:58:05,45.92,-1.0,59.0,87,100,5.82
347,Sabratah,LY,2020-06-23 00:58:05,32.79,12.49,70.38,70,0,4.9
348,Nome,US,2020-06-23 00:58:06,64.5,-165.41,60.8,63,40,14.99
349,Tessalit,ML,2020-06-23 00:56:43,20.2,1.01,92.57,9,1,15.14
350,Thabazimbi,ZA,2020-06-23 00:54:04,-24.59,27.41,49.23,56,0,3.56
351,Makakilo City,US,2020-06-23 00:58:06,21.35,-158.09,86.0,48,75,10.29
352,Kitimat,CA,2020-06-23 00:53:40,54.05,-128.65,59.0,77,90,20.8
353,Coquimbo,CL,2020-06-23 00:58:07,-29.95,-71.34,53.6,93,100,4.7
354,Hithadhoo,MV,2020-06-23 00:58:07,-0.6,73.08,84.52,71,32,10.51
355,Rodez,FR,2020-06-23 00:58:07,44.5,2.58,55.4,76,0,2.24
356,Hami,CN,2020-06-23 00:58:08,42.8,93.45,74.19,19,0,11.88
357,Buchanan,LR,2020-06-23 00:58:08,5.88,-10.05,76.33,89,100,5.95
358,Kourou,GF,2020-06-23 00:58:08,5.16,-52.65,75.2,100,75,6.08
359,Sindor,RU,2020-06-23 00:58:08,62.86,51.89,45.52,97,19,6.06
360,Buluang,PH,2020-06-23 00:58:08,13.31,123.34,88.21,63,93,2.64
361,Kajaani,FI,2020-06-23 00:58:09,64.23,27.73,51.8,87,6,1.12
362,Olga,RU,2020-06-23 00:58:09,43.74,135.29,65.59,72,100,3.53
363,Katobu,ID,2020-06-23 00:58:09,-4.94,122.53,81.19,70,9,7.45
364,Sokolo,ML,2020-06-23 00:58:09,14.73,-6.12,94.01,31,89,18.34
365,Chuy,UY,2020-06-23 00:58:10,-33.7,-53.46,59.11,95,100,9.48
366,Mabaruma,GY,2020-06-23 00:58:10,8.2,-59.78,75.94,93,100,5.61
367,Pangoa,PE,2020-06-23 00:58:10,-12.12,-73.0,67.86,96,15,1.88
368,Ayagoz,KZ,2020-06-23 00:58:10,47.97,80.44,61.07,39,97,7.18
369,Salalah,OM,2020-06-23 00:58:11,17.02,54.09,82.4,88,75,4.7
370,Agirish,RU,2020-06-23 00:58:11,61.92,63.02,45.34,68,80,3.69
371,Namibe,AO,2020-06-23 00:54:05,-15.2,12.15,69.13,74,0,6.93
372,Airai,TL,2020-06-23 00:58:12,-8.93,125.41,64.9,76,4,4.38
373,Gorontalo,ID,2020-06-23 00:58:12,0.54,123.06,84.27,69,59,7.4
374,Auki,SB,2020-06-23 00:58:12,-8.77,160.7,84.2,76,100,2.48
375,Namatanai,PG,2020-06-23 00:58:12,-3.67,152.43,86.32,63,3,3.06
376,Parabel,RU,2020-06-23 00:58:12,58.7,81.48,55.09,98,100,3.69
377,Kudahuvadhoo,MV,2020-06-23 00:58:13,2.67,72.89,83.53,76,100,9.89
378,Florianopolis,BR,2020-06-23 00:58:13,-27.61,-48.5,66.2,100,90,5.82
379,Asyut,EG,2020-06-23 00:58:14,27.18,31.18,82.4,48,0,11.41
380,Acambay,MX,2020-06-23 00:58:14,19.96,-99.84,58.37,75,99,3.94
381,Bilibino,RU,2020-06-23 00:58:14,68.05,166.44,61.68,30,4,10.16
382,Rawson,AR,2020-06-23 00:56:48,-43.3,-65.1,48.63,58,0,10.98
383,Saint-Pierre,RE,2020-06-23 00:56:38,-21.34,55.48,68.0,72,37,8.05
384,Caravelas,BR,2020-06-23 00:58:15,-17.71,-39.25,68.95,82,0,2.48
385,Iguape,BR,2020-06-23 00:58:16,-24.71,-47.56,68.72,82,0,2.77
386,Robertson,US,2020-06-23 00:58:16,36.52,-86.87,78.8,74,90,3.36
387,Bonavista,CA,2020-06-23 00:58:16,48.65,-53.11,53.29,92,36,16.75
388,Hurup,DK,2020-06-23 00:58:16,56.75,8.42,54.0,77,16,11.59
389,Bembereke,BJ,2020-06-23 00:58:17,10.23,2.66,72.68,90,99,10.27
390,Norman Wells,CA,2020-06-23 00:58:17,65.28,-126.83,57.2,82,90,8.05
391,Port Macquarie,AU,2020-06-23 00:58:18,-31.43,152.92,59.0,62,0,1.99
392,Kiama,AU,2020-06-23 00:58:18,-34.68,150.87,57.99,57,1,13.0
393,Castro,BR,2020-06-23 00:55:19,-24.79,-50.01,57.99,84,0,3.91
394,Samsun,TR,2020-06-23 00:58:18,41.25,36.33,66.2,93,40,2.28
395,Sistranda,NO,2020-06-23 00:56:34,63.73,8.83,57.2,93,40,1.12
396,Moussoro,TD,2020-06-23 00:58:19,13.64,16.49,89.33,29,0,7.43
397,Camacha,PT,2020-06-23 00:58:19,33.08,-16.33,69.8,73,75,14.99
398,Vryburg,ZA,2020-06-23 00:58:19,-26.96,24.73,42.66,63,0,4.41
399,Dentsville,US,2020-06-23 00:58:19,34.06,-80.96,84.2,88,1,7.2
400,Galesong,ID,2020-06-23 00:58:20,-5.32,119.37,78.8,83,44,1.12
401,Abalak,RU,2020-06-23 00:58:20,58.13,68.59,47.55,82,100,2.33
402,Shache,CN,2020-06-23 00:58:20,38.42,77.24,82.78,14,0,2.68
403,Abashiri,JP,2020-06-23 00:58:20,44.02,144.27,64.4,72,75,12.75
404,Songjianghe,CN,2020-06-23 00:58:20,42.19,127.48,77.36,40,100,7.67
405,Port Hardy,CA,2020-06-23 00:56:11,50.7,-127.42,57.2,100,90,6.93
406,North Bend,US,2020-06-23 00:58:21,43.41,-124.22,82.99,68,1,28.86
407,Opuwo,NA,2020-06-23 00:58:21,-18.06,13.84,53.67,41,0,8.52
408,Henties Bay,NA,2020-06-23 00:58:22,-22.12,14.28,62.49,48,0,3.83
409,Samoylovka,RU,2020-06-23 00:58:23,51.18,43.71,61.0,57,15,7.0
410,Ixtapa,MX,2020-06-23 00:58:23,20.7,-105.2,87.8,66,40,10.29
411,Alihe,CN,2020-06-23 00:58:23,50.57,123.72,57.25,80,100,7.29
412,Fortuna,US,2020-06-23 00:58:23,40.6,-124.16,72.0,77,1,12.75
413,Peleduy,RU,2020-06-23 00:58:24,59.63,112.74,72.61,40,0,11.14
414,Olden,NO,2020-06-23 00:58:24,61.84,6.81,54.0,94,69,5.68
415,Comodoro Rivadavia,AR,2020-06-23 00:54:22,-45.87,-67.5,46.4,52,0,9.17
416,Ust-Ishim,RU,2020-06-23 00:58:24,57.69,71.17,49.62,83,0,3.0
417,Meulaboh,ID,2020-06-23 00:58:24,4.14,96.13,73.26,93,100,9.46
418,Biltine,TD,2020-06-23 00:58:26,14.53,20.92,82.85,30,0,6.22
419,Aripuana,BR,2020-06-23 00:58:26,-9.17,-60.63,75.22,65,0,1.16
420,Bhatkal,IN,2020-06-23 00:58:26,13.97,74.57,77.38,84,100,9.13
421,Cap Malheureux,MU,2020-06-23 00:58:26,-19.98,57.61,68.0,84,0,5.01
422,Phuket,TH,2020-06-23 00:58:26,8.0,98.25,77.0,94,75,4.7
423,Nanakuli,US,2020-06-23 00:58:27,21.39,-158.15,86.0,48,75,10.29
424,Uzunovo,RU,2020-06-23 00:58:27,54.54,38.62,57.79,83,100,7.0
425,Terney,RU,2020-06-23 00:58:27,45.05,136.61,62.17,76,100,4.5
426,Batagay,RU,2020-06-23 00:58:27,67.63,134.63,86.49,32,0,4.21
427,La Palma,US,2020-06-23 00:58:28,33.85,-118.05,82.99,57,1,10.29
428,Gamba,GA,2020-06-23 00:54:05,-2.65,10.0,69.94,91,91,2.98
429,Takoradi,GH,2020-06-23 00:58:28,4.88,-1.76,77.23,84,77,8.03
430,Talnakh,RU,2020-06-23 00:58:28,69.49,88.4,59.0,58,99,17.9
431,Port Shepstone,ZA,2020-06-23 00:58:29,-30.74,30.45,59.11,67,0,6.62
432,Ohara,JP,2020-06-23 00:58:29,35.25,140.38,71.6,88,75,3.36
433,Hongjiang,CN,2020-06-23 00:58:29,27.11,110.0,77.02,92,99,3.13
434,Kenora,CA,2020-06-23 00:55:32,49.82,-94.43,64.4,68,75,4.7
435,Fereydun Kenar,IR,2020-06-23 00:58:30,36.69,52.52,71.6,56,0,4.7
436,Milverton,CA,2020-06-23 00:58:30,43.57,-80.92,73.99,88,90,4.7
437,Manzhouli,CN,2020-06-23 00:58:30,49.6,117.43,59.41,71,99,16.87
438,Kuala Terengganu,MY,2020-06-23 00:58:30,5.33,103.14,78.8,94,20,2.24
439,Bjornevatn,NO,2020-06-23 00:58:31,69.67,29.98,41.0,75,72,9.17
440,San Cristobal,VE,2020-06-23 00:54:48,7.77,-72.22,66.47,86,100,3.65
441,Grand Island,US,2020-06-23 00:58:31,40.92,-98.34,73.4,56,1,12.75
442,Saint-Philippe,RE,2020-06-23 00:58:31,-21.36,55.77,68.0,72,55,8.05
443,Ouagadougou,BF,2020-06-23 00:58:31,12.36,-1.54,84.2,62,88,5.82
444,Dalvik,IS,2020-06-23 00:58:32,65.97,-18.53,48.2,81,90,9.17
445,Buribay,RU,2020-06-23 00:58:32,51.96,58.16,49.21,73,39,3.94
446,Axim,GH,2020-06-23 00:58:32,4.87,-2.24,77.23,84,100,8.12
447,Xiamen,CN,2020-06-23 00:58:32,24.48,118.08,87.8,79,100,8.95
448,Bairiki,KI,2020-06-23 00:56:44,1.33,172.98,87.8,66,75,13.87
449,Anshun,CN,2020-06-23 00:58:33,26.25,105.93,71.31,88,86,2.24
450,Clifton,US,2020-06-23 00:58:33,40.86,-74.16,84.2,58,1,9.17
451,Douglas,US,2020-06-23 00:58:33,41.3,-96.17,71.6,83,40,6.4
452,Kaohsiung,TW,2020-06-23 00:58:34,22.62,120.31,89.6,62,75,4.7
453,The Valley,AI,2020-06-23 00:58:34,18.22,-63.06,84.2,79,20,13.87
454,Tucuma,BR,2020-06-23 00:58:34,-0.18,-50.05,76.46,90,46,3.85
455,Lagunas,PE,2020-06-23 00:58:34,-5.23,-75.68,74.37,94,60,3.4
456,Shubarshi,KZ,2020-06-23 00:58:35,48.59,57.19,61.12,48,0,9.08
457,Sao Gabriel Da Cachoeira,BR,2020-06-23 00:58:35,-0.13,-67.09,74.03,95,98,1.66
458,Nizhniy Baskunchak,RU,2020-06-23 00:58:35,48.22,46.83,66.94,41,67,13.67
459,Belmonte,BR,2020-06-23 00:58:35,-15.86,-38.88,69.8,88,75,3.36
460,Mehamn,NO,2020-06-23 00:58:36,71.04,27.85,39.47,78,42,4.38
461,Indramayu,ID,2020-06-23 00:58:36,-6.33,108.32,80.58,77,100,8.5
462,Marinette,US,2020-06-23 00:58:36,45.1,-87.63,66.2,100,90,3.36
463,Jalu,LY,2020-06-23 00:58:36,29.03,21.55,67.03,73,0,7.07
464,Saldanha,ZA,2020-06-23 00:58:36,-33.01,17.94,44.6,93,0,1.12
465,Monrovia,LR,2020-06-23 00:58:37,6.3,-10.8,77.09,88,100,8.55
466,Kalyazin,RU,2020-06-23 00:58:37,57.24,37.84,50.85,85,0,3.09
467,Jacmel,HT,2020-06-23 00:58:37,18.23,-72.53,87.8,66,53,3.36
468,Poronaysk,RU,2020-06-23 00:58:38,49.22,143.12,48.04,95,100,4.23
469,Sola,VU,2020-06-23 00:58:38,-13.88,167.55,86.0,79,75,8.05
470,Broome,US,2020-06-23 00:58:38,42.25,-75.83,78.01,61,20,6.93
471,Pailon,BO,2020-06-23 00:58:39,-17.65,-62.75,69.8,94,100,11.41
472,Lufilufi,WS,2020-06-23 00:58:39,-13.87,-171.6,83.21,80,20,16.82
473,Prainha,BR,2020-06-23 00:58:40,-1.8,-53.48,73.94,96,31,2.57
474,Dutlwe,BW,2020-06-23 00:58:40,-23.98,23.9,46.98,51,0,8.79
475,Zhob,PK,2020-06-23 00:58:40,31.34,69.45,81.14,28,0,4.27
476,Uhlirske Janovice,CZ,2020-06-23 00:58:41,49.88,15.06,60.8,77,8,4.7
477,Floro,NO,2020-06-23 00:58:41,61.6,5.03,59.0,72,100,16.11
478,Conway,US,2020-06-23 00:58:41,35.09,-92.44,86.0,66,1,8.05
479,Storslett,NO,2020-06-23 00:58:42,69.77,21.02,56.55,54,18,0.78
480,Narsaq,GL,2020-06-23 00:58:42,60.92,-46.05,59.0,51,0,4.7
481,Dawei,MM,2020-06-23 00:58:42,14.08,98.2,82.87,77,60,1.88
482,Maiduguri,NG,2020-06-23 00:58:42,11.85,13.16,87.69,40,0,10.89
483,Simao,CN,2020-06-23 00:58:43,22.79,100.97,71.2,88,91,2.39
484,Viedma,AR,2020-06-23 00:58:43,-40.81,-63.0,52.3,49,100,12.08
485,Tawang,IN,2020-06-23 00:58:43,27.58,91.87,61.52,72,54,2.37
486,Deputatskiy,RU,2020-06-23 00:58:44,69.3,139.9,71.98,49,0,4.7
487,Qaqortoq,GL,2020-06-23 00:58:44,60.72,-46.03,59.0,51,0,4.7
488,Fort Nelson,CA,2020-06-23 00:58:44,58.81,-122.7,75.2,25,40,5.82
489,Sao Filipe,CV,2020-06-23 00:58:44,14.9,-24.5,78.39,69,0,11.81
490,Vaitape,PF,2020-06-23 00:58:44,-16.52,-151.75,78.48,72,0,19.53
491,Mattawa,US,2020-06-23 00:58:45,46.74,-119.9,89.6,25,0,3.36
492,Sao Jose Da Coroa Grande,BR,2020-06-23 00:58:45,-8.9,-35.15,76.59,82,23,10.38
493,Katherine,AU,2020-06-23 00:57:44,-14.47,132.27,73.4,25,0,14.99
494,Eureka,US,2020-06-23 00:55:40,40.8,-124.16,72.0,82,1,5.82
495,Todos Santos,MX,2020-06-23 00:58:46,23.45,-110.22,73.99,77,45,3.0
496,Chimore,BO,2020-06-23 00:58:46,-16.98,-65.13,70.59,96,14,2.42
497,Male,MV,2020-06-23 00:58:46,4.17,73.51,84.2,83,75,12.75
498,Tura,IN,2020-06-23 00:58:46,25.52,90.22,77.27,89,58,6.35
499,Oktyabrskiy,RU,2020-06-23 00:58:46,54.48,53.47,45.1,87,0,2.39
500,Biloela,AU,2020-06-23 00:58:47,-24.42,150.5,62.26,40,0,10.49
501,Hibbing,US,2020-06-23 00:58:47,47.43,-92.94,64.4,63,90,3.36
502,Kindu,CD,2020-06-23 00:58:47,-2.95,25.95,75.42,61,100,0.87
503,Madaoua,NE,2020-06-23 00:58:47,14.07,5.96,89.04,43,85,13.31
504,Kaduqli,SD,2020-06-23 00:58:48,11.02,29.72,78.17,62,97,5.01
505,Saint-Joseph,RE,2020-06-23 00:58:48,-21.37,55.62,68.0,72,36,8.05
506,Toppenish,US,2020-06-23 00:58:48,46.38,-120.31,91.4,25,0,3.36
507,Jieshou,CN,2020-06-23 00:58:48,33.26,115.36,73.6,85,100,7.63
508,Mahanoro,MG,2020-06-23 00:58:48,-19.9,48.8,68.29,91,0,3.49
509,Pimenta Bueno,BR,2020-06-23 00:58:49,-11.67,-61.19,72.64,77,54,1.28
510,Gizo,SB,2020-06-23 00:58:49,-8.1,156.84,84.51,71,9,3.94
511,Maniitsoq,GL,2020-06-23 00:58:49,65.42,-52.9,41.63,76,40,16.17
512,Inhambane,MZ,2020-06-23 00:58:49,-23.86,35.38,66.87,85,73,8.05
513,San Felipe,VE,2020-06-23 00:57:10,10.34,-68.74,72.99,93,100,2.53
514,Hobyo,SO,2020-06-23 00:58:50,5.35,48.53,78.1,77,31,23.82
515,Padang,ID,2020-06-23 00:58:50,-0.95,100.35,74.93,85,100,5.21
516,Pioner,RU,2020-06-23 00:58:51,55.32,85.95,57.2,82,94,4.47
517,Varnamo,SE,2020-06-23 00:58:51,57.19,14.04,55.99,95,95,5.3
518,Katangli,RU,2020-06-23 00:58:51,51.71,143.23,42.39,94,100,8.3
519,Bungu,TZ,2020-06-23 00:58:51,-7.63,39.06,72.68,73,89,4.68
520,Bundaberg,AU,2020-06-23 00:58:52,-24.85,152.35,64.4,42,0,9.17
521,Maltahohe,NA,2020-06-23 00:58:52,-24.83,16.98,45.45,51,0,5.21
522,Aktash,RU,2020-06-23 00:58:52,50.3,87.73,44.37,61,0,3.38
523,Kupang,ID,2020-06-23 00:58:52,-10.17,123.58,82.4,58,40,19.46
524,Pangkalanbuun,ID,2020-06-23 00:58:52,-2.68,111.62,81.05,79,23,3.89
525,Hirara,JP,2020-06-23 00:58:53,24.8,125.28,87.8,84,40,9.17
526,Yangambi,CD,2020-06-23 00:58:53,0.81,24.43,75.16,70,100,0.69
527,Champerico,GT,2020-06-23 00:58:53,14.3,-91.92,84.51,69,100,2.64
528,Asau,RO,2020-06-23 00:58:53,46.43,26.4,57.99,95,64,2.68
529,Chengzihe,CN,2020-06-23 00:58:54,45.33,131.07,64.89,93,100,5.53
530,Fukue,JP,2020-06-23 00:56:17,32.69,128.84,78.8,61,0,6.93
531,Aksarka,RU,2020-06-23 00:58:54,66.56,67.8,45.12,66,77,4.34
532,Krabi,TH,2020-06-23 00:58:54,8.07,98.91,82.99,100,40,3.36
533,Muravlenko,RU,2020-06-23 00:58:54,63.79,74.52,45.79,90,100,1.88
534,Yishui,CN,2020-06-23 00:58:55,35.78,118.63,68.59,94,100,12.15
535,Buala,SB,2020-06-23 00:58:55,-8.14,159.59,85.15,68,41,6.78
536,Meadow Lake,US,2020-06-23 00:58:55,34.8,-106.54,96.8,7,40,14.99
537,Vila Franca Do Campo,PT,2020-06-23 00:58:55,37.72,-25.43,66.2,93,20,9.17
538,Carauari,BR,2020-06-23 00:58:56,-4.88,-66.9,75.74,90,54,0.74
539,Zaoyang,CN,2020-06-23 00:58:56,32.13,112.75,76.77,62,82,3.04
540,Jumla,NP,2020-06-23 00:56:16,29.27,82.18,64.26,63,72,1.36
541,Mlowo,TZ,2020-06-23 00:58:56,-9.0,32.98,52.72,97,19,4.43
542,Onega,RU,2020-06-23 00:58:56,63.91,38.14,52.66,80,34,5.21
543,Ndele,CF,2020-06-23 00:58:57,8.41,20.65,72.61,88,100,5.03
544,Bumba,CD,2020-06-23 00:58:57,2.18,22.47,73.13,80,11,1.86
545,Carutapera,BR,2020-06-23 00:58:57,-1.2,-46.02,75.4,90,100,5.66
546,Wanning,CN,2020-06-23 00:58:57,18.8,110.4,86.4,77,89,13.4
547,Olafsvik,IS,2020-06-23 00:57:05,64.89,-23.71,48.43,83,100,9.82
548,New Bern,US,2020-06-23 00:58:58,35.11,-77.04,82.4,78,1,6.93
